Data,Partida,Clube,Adversario,Competicao,Gols
21/08/2026,"Al-Nassr 4 x 0 Al-Riyadh","Al Nassr","Al-Riyadh","Campeonato Árabe",1
02/07/2026,"Portugal 2 x 1 Croácia","Portugal","Croácia","Copa Do Mundo",1
23/06/2026,"Portugal 5 x 0 Uzbequistão","Portugal","Uzbequistão","Copa Do Mundo",2
21/05/2026,"Al-Nassr 4 x 1 Damac","Al Nassr","Damac","Campeonato Árabe",2
07/05/2026,"Al-Nassr 4 x 2 Al-Shabab","Al Nassr","Al-Shabab","Campeonato Árabe",1
29/04/2026,"Al-Nassr 2 x 0 Al-Ahli","Al Nassr","Al-Ahli","Campeonato Árabe",1
19/04/2026,"Al-Nassr 4 x 0 Al-Wasl","Al Nassr","Al-Wasl","Champions League",1
11/04/2026,"Al-Nassr 2 x 0 Al-Okhdood","Al Nassr","Al-Okhdood","Campeonato Árabe",1
03/04/2026,"Al-Nassr 5 x 2 Al-Najma","Al Nassr","Al-Najma","Campeonato Árabe",2
25/02/2026,"Al-Nassr 5 x 0 Al-Najma","Al Nassr","Al-Najma","Campeonato Árabe",1
21/02/2026,"Al-Nassr 4 x 0 Al-Hazm","Al Nassr","Al-Hazm","Campeonato Árabe",2
14/02/2026,"Al-Nassr 2 x 0 Al-Fateh","Al Nassr","Al-Fateh","Campeonato Árabe",1
30/01/2026,"Al-Nassr 3 x 0 Al-Kholood","Al Nassr","Al-Kholood","Campeonato Árabe",1
21/01/2026,"Al-Nassr 2 x 1 Damac","Al Nassr","Damac","Campeonato Árabe",1
12/01/2026,"Al-Nassr 1 x 3 Al-Hilal","Al Nassr","Al-Hilal","Campeonato Árabe",1
08/01/2026,"Al-Nassr 1 x 2 Al-Qadisiya","Al Nassr","Al-Qadisiya","Campeonato Árabe",1
30/12/2025,"Al-Nassr 2 x 2 Al-Ettifaq","Al Nassr","Al-Ettifaq","Campeonato Árabe",1
27/12/2025,"Al-Nassr 3 x 0 Al-Okhdood","Al Nassr","Al-Okhdood","Campeonato Árabe",2
23/11/2025,"Al-Nassr 4 x 1 Al-Khaleej","Al Nassr","Al-Khaleej","Campeonato Árabe",1
08/11/2025,"Al-Nassr 3 x 1 Neom","Al Nassr","Neom","Campeonato Árabe",1
01/11/2025,"Al-Nassr 2 x 1 Al-Fayha","Al Nassr","Al-Fayha","Campeonato Árabe",2
25/10/2025,"Al-Nassr 2 x 0 Al-Hazm","Al Nassr","Al-Hazm","Campeonato Árabe",1
18/10/2025,"Al-Nassr 5 x 1 Al-Fateh","Al Nassr","Al-Fateh","Campeonato Árabe",1
14/10/2025,"Portugal 2 x 2 Hungria","Portugal","Hungria","Eliminatórias",2
26/09/2025,"Al-Nassr 2 x 0 Al-Ittihad","Al Nassr","Al-Ittihad","Campeonato Árabe",1
20/09/2025,"Al-Nassr 5 x 1 Al-Riyadh","Al Nassr","Al-Riyadh","Campeonato Árabe",2
09/09/2025,"Portugal 3 x 2 Hungria","Portugal","Hungria","Eliminatórias",1
06/09/2025,"Portugal 5 x 0 Armênia","Portugal","Armênia","Eliminatórias",2
29/08/2025,"Al-Nassr 5 x 0 Al-Taawoun","Al Nassr","Al-Taawoun","Campeonato Árabe",1
23/08/2025,"Al-Nassr 2 x 2 Al-Ahli","Al Nassr","Al-Ahli","Supercopa Árabe",1
08/06/2025,"Portugal 2 x 2 Espanha","Portugal","Espanha","Liga Das Nações",1
04/06/2025,"Portugal 2 x 1 Alemanha","Portugal","Alemanha","Liga Das Nações",1
26/05/2025,"Al-Nassr 2 x 3 Al-Fateh","Al Nassr","Al-Fateh","Campeonato Árabe",1
21/05/2025,"Al-Nassr 2 x 0 Al-Khaleej","Al Nassr","Al-Khaleej","Campeonato Árabe",1
26/04/2025,"Al-Nassr 4 x 1 Yokohama Marinos","Al Nassr","Yokohama Marinos","Champions League",1
12/04/2025,"Al-Nassr 2 x 1 Al-Riyadh","Al Nassr","Al-Riyadh","Campeonato Árabe",2
04/04/2025,"Al-Nassr 3 x 1 Al-Hilal","Al Nassr","Al-Hilal","Campeonato Árabe",2
23/03/2025,"Portugal 5 x 2 Dinamarca","Portugal","Dinamarca","Liga Das Nações",1
14/03/2025,"Al-Nassr 3 x 1 Al-Kholood","Al Nassr","Al-Kholood","Campeonato Árabe",1
10/03/2025,"Al-Nassr 3 x 0 Esteghlal","Al Nassr","Esteghlal","Champions League",1
07/03/2025,"Al-Nassr 2 x 2 Al-Shabab","Al Nassr","Al-Shabab","Campeonato Árabe",1
25/02/2025,"Al-Nassr 2 x 0 Al-Wehda","Al Nassr","Al-Wehda","Campeonato Árabe",1
07/02/2025,"Al-Nassr 3 x 0 Al-Fayha","Al Nassr","Al-Fayha","Campeonato Árabe",1
03/02/2025,"Al-Nassr 4 x 0 Al-Wasl","Al Nassr","Al-Wasl","Champions League",2
30/01/2025,"Al-Nassr 2 x 1 Al-Raed","Al Nassr","Al-Raed","Campeonato Árabe",1
26/01/2025,"Al-Nassr 3 x 1 Al-Fateh","Al Nassr","Al-Fateh","Campeonato Árabe",1
21/01/2025,"Al-Nassr 3 x 1 Al-Khaleej","Al Nassr","Al-Khaleej","Campeonato Árabe",2
09/01/2025,"Al-Nassr 3 x 1 Al-Okhdood","Al Nassr","Al-Okhdood","Campeonato Árabe",1
06/12/2024,"Al-Nassr 1 x 2 Al-Ittihad","Al Nassr","Al-Ittihad","Campeonato Árabe",1
29/11/2024,"Al-Nassr 2 x 0 Damac","Al Nassr","Damac","Campeonato Árabe",2
25/11/2024,"Al-Nassr 3 x 1 Al-Gharafa","Al Nassr","Al-Gharafa","Champions League",2
22/11/2024,"Al-Nassr 1 x 2 
Al-Qadisiya","Al Nassr","","Campeonato Árabe",1
15/11/2024,"Portugal 5 x 1 Polônia","Portugal","Polônia","Liga Das Nações",2
05/11/2024,"Al-Nassr 5 x 1 Al-Ain","Al Nassr","Al-Ain","Champions League",1
18/10/2024,"Al-Nassr 2 x 1 Al-Shabab","Al Nassr","Al-Shabab","Campeonato Árabe",1
12/10/2024,"Portugal 3 x 1 Polônia","Portugal","Polônia","Liga Das Nações",1
05/10/2024,"Al-Nassr 3 x 0 Orubah","Al Nassr","Orubah","Campeonato Árabe",1
30/09/2024,"Al-Nassr 2 x 1 Al-Rayyan","Al Nassr","Al-Rayyan","Champions League",1
27/09/2024,"Al-Nassr 2 x 0 Al-Wehda","Al Nassr","Al-Wehda","Campeonato Árabe",1
20/09/2024,"Al-Nassr 3 x 0 Al-Etiffaq","Al Nassr","Al-Etiffaq","Campeonato Árabe",1
08/09/2024,"Portugal 2 x 1 Escócia","Portugal","Escócia","Liga Das Nações",1
05/09/2024,"Portugal 2 x 1 Croácia","Portugal","Croácia","Liga Das Nações",1
27/08/2024,"Al-Nassr 4 x 1 Al-Fayha","Al Nassr","Al-Fayha","Campeonato Árabe",1
22/08/2024,"Al-Nassr 1 x 1 Al-Raed","Al Nassr","Al-Raed","Campeonato Árabe",1
17/08/2024,"Al-Nassr 1 x 4 Al-Hilal","Al Nassr","Al-Hilal","Supercopa Árabe",1
14/08/2024,"Al-Nassr 2 x 0 Al-Taawoun","Al Nassr","Al-Taawoun","Supercopa Árabe",1
11/06/2024,"Portugal 3 x 0 Irlanda","Portugal","Irlanda","Amistoso",2
27/05/2024,"Al-Nassr 4 x 2 Al-Ittihad","Al Nassr","Al-Ittihad","Campeonato Árabe",2
09/05/2024,"Al-Nassr 3 x 2 Al-Okhdood","Al Nassr","Al-Okhdood","Campeonato Árabe",1
04/05/2024,"Al-Nassr 6 x 0 Al-Wehda","Al Nassr","Al-Wehda","Campeonato Árabe",3
01/05/2024,"Al-Nassr 3 x 1 Al-Khaleej","Al Nassr","Al-Khaleej","Campeonato Árabe",2
02/04/2024,"Al-Nassr 8 x 0 Abha","Al Nassr","Abha","Campeonato Árabe",3
30/03/2024,"Al-Nassr 5 x 1 Al-Tai","Al Nassr","Al-Tai","Campeonato Árabe",3
15/03/2024,"Al-Nassr 1 x 0 Al-Ahli","Al Nassr","Al-Ahli","Campeonato Árabe",1
11/03/2024,"Al-Nassr 4 x 3 Al-Ain","Al Nassr","Al-Ain","Champions League",1
25/02/2024,"Al-Nassr 3 x 2 Al-Shabab","Al Nassr","Al-Shabab","Campeonato Árabe",1
21/02/2024,"Al-Nassr 2 x 0 Al-Fayha","Al Nassr","Al-Fayha","Champions League",1
17/02/2024,"Al-Nassr 2 x 1 Al-Fateh","Al Nassr","Al-Fateh","Campeonato Árabe",1
14/02/2024,"Al-Nassr 1 x 0 Al-Fayha","Al Nassr","Al-Fayha","Champions League",1
30/12/2023,"Al-Nassr 4 x 1 Al-Taawoun","Al Nassr","Al-Taawoun","Campeonato Árabe",1
26/12/2023,"Al-Nassr 5 x 2 Al-Ittihad","Al Nassr","Al-Ittihad","Campeonato Árabe",2
22/12/2023,"Al-Nassr 3 x 1 Al-Ittifaq","Al Nassr","Al-Ittifaq","Campeonato Árabe",1
11/12/2023,"Al-Nassr 5 x 2 Al-Shabab","Al Nassr","Al-Shabab","Copa Árabe",1
08/12/2023,"Al-Nassr 4 x 1 Al-Riyadh","Al Nassr","Al-Riyadh","Campeonato Árabe",1
24/11/2023,"Al-Nassr 3 x 0 Al-Okhdood","Al Nassr","Al-Okhdood","Campeonato Árabe",2
16/11/2023,"Portugal 2 x 0 Liechtenstein","Portugal","Liechtenstein","Eliminatórias",1
11/11/2023,"Al-Nassr 3 x 1 Al-Wehda","Al Nassr","Al-Wehda","Campeonato Árabe",1
04/11/2023,"Al-Nassr 2 x 0 Al-Khaleej","Al Nassr","Al-Khaleej","Campeonato Árabe",1
24/10/2023,"Al-Nassr 4 x 3 Al-Duhail","Al Nassr","Al-Duhail","Champions League",2
21/10/2023,"Al-Nassr 2 x 1 Damac","Al Nassr","Damac","Campeonato Árabe",1
16/10/2023,"Portugal 5 x 0 Bósnia Herzegovina","Portugal","Bósnia Herzegovina","Eliminatórias",2
13/10/2023,"Portugal 3 x 2 Eslováquia","Portugal","Eslováquia","Eliminatórias",2
02/10/2023,"Al-Nassr 3 x 1 Istiklol","Al Nassr","Istiklol","Champions League",1
29/09/2023,"Al-Nassr 2 x 1 Al-Taee","Al Nassr","Al-Taee","Campeonato Árabe",1
22/09/2023,"Al-Nassr 4 x 3 Al-Ahli","Al Nassr","Al-Ahli","Campeonato Árabe",2
16/09/2023,"Al-Nassr 3 x 1 Al-Raed","Al Nassr","Al-Raed","Campeonato Árabe",1
02/09/2023,"Al-Nassr 5 x 1 Al-Hazm","Al Nassr","Al-Hazm","Campeonato Árabe",1
25/08/2023,"Al-Nassr 5 x 0 Al-Fateh","Al Nassr","Al-Fateh","Campeonato Árabe",3
20/08/2023,"Al-Nassr 4 x 0 Al-Shabab","Al Nassr","Al-Shabab","Campeonato Árabe",2
12/08/2023,"Al-Nassr 2 x 1 Al-Hilal","Al Nassr","Al-Hilal","Liga dos Campeões Árabe",2
09/08/2023,"Al-Nassr 1 x 0 Al-Shorta","Al Nassr","Al-Shorta","Liga dos Campeões Árabe",1
06/08/2023,"Al-Nassr 3 x 1 Raja Casablanca","Al Nassr","Raja Casablanca","Liga dos Campeões Árabe",1
03/08/2023,"Al-Nassr 1 x 1 Zamalek","Al Nassr","Zamalek","Liga dos Campeões Árabe",1
31/07/2023,"Al-Nassr 4 x 0 Union Monastir","Al Nassr","Union Monastir","Liga dos Campeões Árabe",1
20/06/2023,"Portugal 1 x 0 Islândia","Portugal","Islândia","Eliminatórias",1
23/05/2023,"Al-Nassr 3 x 2 Al-Shabab","Al Nassr","Al-Shabab","Campeonato Árabe",1
16/05/2023,"Al-Nassr 2 x 0 Al-Taee","Al Nassr","Al-Taee","Campeonato Árabe",1
28/04/2023,"Al-Nassr 4 x 0 Al-Raed","Al Nassr","Al-Raed","Campeonato Árabe",1
04/04/2023,"Al-Nassr 5 x 0 Al-Adalah","Al Nassr","Al-Adalah","Campeonato Árabe",2
26/03/2023,"Portugal 6 x 0 Luxemburgo","Portugal","Luxemburgo","Eliminatórias",2
23/03/2023,"Portugal 4 x 0 Liechtenstein","Portugal","Liechtenstein","Eliminatórias",2
18/03/2023,"Al-Nassr 2 x 1 Abha","Al Nassr","Abha","Campeonato Árabe",1
25/02/2023,"Al-Nassr 3 x 0 Damac","Al Nassr","Damac","Campeonato Árabe",3
09/02/2023,"Al-Nassr 4 x 0 Al-Wehda","Al Nassr","Al-Wehda","Campeonato Árabe",4
03/02/2023,"Al-Nassr 2 x 2 Al-Fateh","Al Nassr","Al-Fateh","Campeonato Árabe",1
24/11/2022,"Portugal 3 x 2 Gana","Portugal","Gana","Copa Do Mundo",1
27/10/2022,"Manchester United 3 x 0 Sheriff","Manchester United","Sheriff","Europa League",1
09/10/2022,"Manchester United 2 x 1 Everton","Manchester United","Everton","Campeonato Inglês",1
15/09/2022,"Manchester United 2 x 0 Sheriff","Manchester United","Sheriff","Europa League",1
05/06/2022,"Portugal 4 x 0 Suiça","Portugal","Suiça","Liga Das Nações",2
02/05/2022,"Manchester United 3 x 0 Brentford","Manchester United","Brentford","Campeonato Inglês",1
28/04/2022,"Manchester United 1 x 1 Chelsea","Manchester United","Chelsea","Campeonato Inglês",1
23/04/2022,"Manchester United 1 x 3 Arsenal","Manchester United","Arsenal","Campeonato Inglês",1
16/04/2022,"Manchester United 3 x 2 Norwich","Manchester United","Norwich","Campeonato Inglês",3
12/03/2022,"Manchester United 3 x 2 Tottenham","Manchester United","Tottenham","Campeonato Inglês",3
15/02/2022,"Manchester United 2 x 0 Brighton & Hove Albion","Manchester United","Brighton & Hove Albion","Campeonato Inglês",1
30/12/2021,"Manchester United 3 x 1 Burnley","Manchester United","Burnley","Campeonato Inglês",1
11/12/2021,"Manchester United 1 x 0 Norwich","Manchester United","Norwich","Campeonato Inglês",1
02/12/2021,"Manchester United 3 x 2 Arsenal","Manchester United","Arsenal","Campeonato Inglês",2
23/11/2021,"Manchester United 2 x 0 Villarreal","Manchester United","Villarreal","Champions League",1
02/11/2021,"Manchester United 2 x 2 Atalanta","Manchester United","Atalanta","Champions League",2
30/10/2021,"Manchester United 3 x 0 Tottenham","Manchester United","Tottenham","Campeonato Inglês",1
20/10/2021,"Manchester United 3 x 2 Atalanta","Manchester United","Atalanta","Champions League",1
12/10/2021,"Portugal 5 x 0 Luxemburgo","Portugal","Luxemburgo","Eliminatórias",3
09/10/2021,"Portugal 3 x 0 Catar","Portugal","Catar","Amistoso",1
29/09/2021,"Manchester United 2 x 1 Villarreal","Manchester United","Villarreal","Champions League",1
19/09/2021,"Manchester United 2 x 1 West Ham","Manchester United","West Ham","Campeonato Inglês",1
14/09/2021,"Manchester United 1 x 2 Young Boys","Manchester United","Young Boys","Champions League",1
11/09/2021,"Manchester United 4 x 1 Newcastle","Manchester United","Newcastle","Campeonato Inglês",2
01/09/2021,"Portugal 2 x 1 Irlanda","Portugal","Irlanda","Eliminatórias",2
23/06/2021,"Portugal 2 x 2 França","Portugal","França","Eurocopa",2
19/06/2021,"Portugal 2 x 4 Alemanha","Portugal","Alemanha","Eurocopa",1
15/06/2021,"Portugal 3 x 0 Hungria","Portugal","Hungria","Eurocopa",2
09/06/2021,"Portugal 4 x 0 Israel","Portugal","Israel","Amistoso",1
15/05/2021,"Juventus 3 x 2 Internazionale","Juventus","Internazionale","Campeonato Italiano",1
12/05/2021,"Juventus 3 x 1 Sassuolo","Juventus","Sassuolo","Campeonato Italiano",1
02/05/2021,"Juventus 2 x 1 Udinese","Juventus","Udinese","Campeonato Italiano",2
07/04/2021,"Juventus 2 x 1 Napoli","Juventus","Napoli","Campeonato Italiano",1
03/04/2021,"Juventus 2 x 2 Torino","Juventus","Torino","Campeonato Italiano",1
30/03/2021,"Portugal 3 x 1 Luxemburgo","Portugal","Luxemburgo","Eliminatórias",1
14/03/2021,"Juventus 3 x 1 Cagliari","Juventus","Cagliari","Campeonato Italiano",3
02/03/2021,"Juventus 3 x 0 Spezia","Juventus","Spezia","Campeonato Italiano",1
27/02/2021,"Juventus 1 x 1 Verona","Juventus","Verona","Campeonato Italiano",1
22/02/2021,"Juventus 3 x 0 Crotone","Juventus","Crotone","Campeonato Italiano",2
06/02/2021,"Juventus 2 x 0 Roma","Juventus","Roma","Campeonato Italiano",1
02/02/2021,"Juventus 2 x 1 Internazionale","Juventus","Internazionale","Copa Italiana",2
20/01/2021,"Juventus 2 x 0 Napoli","Juventus","Napoli","Supercopa Italiana",1
10/01/2021,"Juventus 3 x 1 Sassuolo","Juventus","Sassuolo","Campeonato Italiano",1
03/01/2021,"Juventus 4 x 1 Udinese","Juventus","Udinese","Campeonato Italiano",2
19/12/2020,"Juventus 4 x 0 Parma","Juventus","Parma","Campeonato Italiano",2
13/12/2020,"Juventus 3 x 1 Genoa","Juventus","Genoa","Campeonato Italiano",2
08/12/2020,"Juventus 3 x 0 Barcelona","Juventus","Barcelona","Champions League",2
02/12/2020,"Juventus 3 x 0 Dinamo Kiev","Juventus","Dinamo Kiev","Champions League",1
24/11/2020,"Juventus 2 x 1 Ferencváros","Juventus","Ferencváros","Champions League",1
21/11/2020,"Juventus 2 x 0 Cagliari","Juventus","Cagliari","Campeonato Italiano",2
11/11/2020,"Portugal 7 x 0 Andorra","Portugal","Andorra","Amistoso",1
08/11/2020,"Juventus 1 x 1 Lazio","Juventus","Lazio","Campeonato Italiano",1
01/11/2020,"Juventus 4 x 1 Spezia","Juventus","Spezia","Campeonato Italiano",2
27/09/2020,"Juventus 2 x 2 Roma","Juventus","Roma","Campeonato Italiano",2
20/09/2020,"Juventus 3 x 0 Sampdoria","Juventus","Sampdoria","Campeonato Italiano",1
08/09/2020,"Portugal 2 x 0 Suécia","Portugal","Suécia","Liga Das Nações",2
07/08/2020,"Juventus 2 x 1 Lyon","Juventus","Lyon","Champions League",2
26/07/2020,"Juventus 2 x 0 Sampdoria","Juventus","Sampdoria","Campeonato Italiano",1
20/07/2020,"Juventus 2 x 1 Lazio","Juventus","Lazio","Campeonato Italiano",2
11/07/2020,"Juventus 2 x 2 Atalanta","Juventus","Atalanta","Campeonato Italiano",2
07/07/2020,"Juventus 2 x 4 Milan","Juventus","Milan","Campeonato Italiano",1
04/07/2020,"Juventus 4 x 1 Torino","Juventus","Torino","Campeonato Italiano",1
26/06/2020,"Juventus 4 x 0 Lecce","Juventus","Lecce","Campeonato Italiano",1
22/06/2020,"Juventus 2 x 0 Bologna","Juventus","Bologna","Campeonato Italiano",1
03/06/2020,"Juventus 3 x 1 Genoa","Juventus","Genoa","Campeonato Italiano",1
22/02/2020,"Juventus 2 x 1 SPAL","Juventus","Spal","Campeonato Italiano",1
13/02/2020,"Juventus 1 x 1 Milan","Juventus","Milan","Campeonato Italiano",1
08/02/2020,"Juventus 1 x 2 Verona","Juventus","Verona","Campeonato Italiano",1
02/02/2020,"Juventus 3 x 0 Fiorentina","Juventus","Fiorentina","Campeonato Italiano",2
26/01/2020,"Juventus 1 x 2 Napoli","Juventus","Napoli","Campeonato Italiano",1
22/01/2020,"Juventus 3 x 1 Roma","Juventus","Roma","Copa Italiana",1
19/01/2020,"Juventus 2 x 1 Parma","Juventus","Parma","Campeonato Italiano",2
12/01/2020,"Juventus 2 x 1 Roma","Juventus","Roma","Campeonato Italiano",1
06/01/2020,"Juventus 4 x 1 Cagliari","Juventus","Cagliari","Campeonato Italiano",3
18/12/2019,"Juventus 2 x 1 Sampdoria","Juventus","Sampdoria","Campeonato Italiano",1
15/12/2019,"Juventus 3 x 1 Udinese","Juventus","Udinese","Campeonato Italiano",2
11/12/2019,"Juventus 2 x 0 Bayer Leverkusen","Juventus","Bayer Leverkusen","Champions League",1
07/12/2019,"Juventus 1 x 3 Lazio","Juventus","Lazio","Campeonato Italiano",1
01/12/2019,"Juventus 2 x 2 Sassuolo","Juventus","Sassuolo","Campeonato Italiano",1
17/11/2019,"Portugal 2 x 0 Luxemburgo","Portugal","Luxemburgo","Eliminatórias",1
14/11/2019,"Portugal 6 x 0 Lituânia","Portugal","Lituânia","Eliminatórias",3
30/10/2019,"Juventus 2 x 1 Genoa","Juventus","Genoa","Campeonato Italiano",1
19/10/2019,"Juventus 2 x 1 Bologna","Juventus","Bologna","Campeonato Italiano",1
14/10/2019,"Portugal 1 x 2 Ucrânia","Portugal","Ucrânia","Eliminatórias",1
11/10/2019,"Portugal 3 x 0 Luxemburgo","Portugal","Luxemburgo","Eliminatórias",1
01/10/2019,"Juventus 3 x 0 Bayer Leverkusen","Juventus","Bayer Leverkusen","Champions League",1
28/09/2019,"Juventus 2 x 0 SPAL","Juventus","Spal","Campeonato Italiano",1
21/09/2019,"Juventus 2 x 1 Verona","Juventus","Verona","Campeonato Italiano",1
10/09/2019,"Portugal 5 x 1 Lituânia","Portugal","Lituânia","Eliminatórias",4
07/09/2019,"Portugal 4 x 2 Sérvia","Portugal","Sérvia","Eliminatórias",1
31/08/2019,"Juventus 4 x 3 Napoli","Juventus","Napoli","Campeonato Italiano",1
05/06/2019,"Portugal 3 x 1 Suiça","Portugal","Suiça","Liga Das Nações",3
03/05/2019,"Juventus 1 x 1 Torino","Juventus","Torino","Campeonato Italiano",1
27/04/2019,"Juventus 1 x 1 Internazionale","Juventus","Internazionale","Campeonato Italiano",1
16/04/2019,"Juventus 1 x 2 Ajax","Juventus","Ajax","Champions League",1
10/04/2019,"Juventus 1 x 1 Ajax","Juventus","Ajax","Champions League",1
12/03/2019,"Juventus 3 x 0 Atlético Madrid","Juventus","Atlético Madrid","Champions League",3
15/02/2019,"Juventus 3 x 0 Frosinone","Juventus","Frosinone","Campeonato Italiano",1
10/02/2019,"Juventus 3 x 0 Sassuolo","Juventus","Sassuolo","Campeonato Italiano",1
02/02/2019,"Juventus 3 x 3 Parma","Juventus","Parma","Campeonato Italiano",2
27/01/2019,"Juventus 2 x 1 Lazio","Juventus","Lazio","Campeonato Italiano",1
16/01/2019,"Juventus 1 x 0 Milan","Juventus","Milan","Supercopa Italiana",1
29/12/2018,"Juventus 2 x 1 Sampdoria","Juventus","Sampdoria","Campeonato Italiano",2
26/12/2018,"Juventus 2 x 2 Atalanta","Juventus","Atalanta","Campeonato Italiano",1
15/12/2018,"Juventus 1 x 0 Torino","Juventus","Torino","Campeonato Italiano",1
01/12/2018,"Juventus 3 x 0 Fiorentina","Juventus","Fiorentina","Campeonato Italiano",1
24/11/2018,"Juventus 2 x 0 SPAL","Juventus","Spal","Campeonato Italiano",1
11/11/2018,"Juventus 2 x 0 Milan","Juventus","Milan","Campeonato Italiano",1
07/11/2018,"Juventus 1 x 2 Manchester United","Juventus","Manchester United","Champions League",1
27/10/2018,"Juventus 2 x 1 Empoli","Juventus","Empoli","Campeonato Italiano",2
20/10/2018,"Juventus 1 x 1 Genoa","Juventus","Genoa","Campeonato Italiano",1
06/10/2018,"Juventus 2 x 0 Udinese","Juventus","Udinese","Campeonato Italiano",1
23/09/2018,"Juventus 2 x 0 Frosinone","Juventus","Frosinone","Campeonato Italiano",1
16/09/2018,"Juventus 2 x 1 Sassuolo","Juventus","Sassuolo","Campeonato Italiano",2
20/06/2018,"Portugal 1 x 0 Marrocos","Portugal","Marrocos","Copa Do Mundo",1
15/06/2018,"Portugal 3 x 3 Espanha","Portugal","Espanha","Copa Do Mundo",3
19/05/2018,"Real Madrid 2 x 2 Villarreal","Real Madrid","Villarreal","Campeonato Espanhol",1
06/05/2018,"Real Madrid 2 x 2 Barcelona","Real Madrid","Barcelona","Campeonato Espanhol",1
18/04/2018,"Real Madrid 1 x 1 Athletic Bilbao","Real Madrid","Athletic Bilbao","Campeonato Espanhol",1
11/04/2018,"Real Madrid 1 x 3 Juventus","Real Madrid","Juventus","Champions League",1
08/04/2018,"Real Madrid 1 x 1 Atlético Madrid","Real Madrid","Atlético Madrid","Campeonato Espanhol",1
03/04/2018,"Real Madrid 3 x 0 Juventus","Real Madrid","Juventus","Champions League",2
23/03/2018,"Portugal 2 x 1 Egito","Portugal","Egito","Amistoso",2
18/03/2018,"Real Madrid 6 x 3 Girona","Real Madrid","Girona","Campeonato Espanhol",4
10/03/2018,"Real Madrid 2 x 1 Eibar","Real Madrid","Eibar","Campeonato Espanhol",2
06/03/2018,"Real Madrid 2 x 1 PSG","Real Madrid","Psg","Champions League",1
03/03/2018,"Real Madrid 3 x 1 Getafe","Real Madrid","Getafe","Campeonato Espanhol",2
24/02/2018,"Real Madrid 4 x 0 Alavés","Real Madrid","Alavés","Campeonato Espanhol",2
18/02/2018,"Real Madrid 5 x 3 Betis","Real Madrid","Betis","Campeonato Espanhol",1
14/02/2018,"Real Madrid 3 x 1 PSG","Real Madrid","Psg","Champions League",2
10/02/2018,"Real Madrid 5 x 2 Real Sociedad","Real Madrid","Real Sociedad","Campeonato Espanhol",3
27/01/2018,"Real Madrid 4 x 1 Valência","Real Madrid","Valência","Campeonato Espanhol",2
21/01/2018,"Real Madrid 7 x 1 Deportivo","Real Madrid","Deportivo","Campeonato Espanhol",2
16/12/2017,"Real Madrid 1 x 0 Grêmio","Real Madrid","Grêmio","Mundial de Clubes",1
13/12/2017,"Real Madrid 2 x 1 Al-Jazira","Real Madrid","Al-Jazira","Mundial de Clubes",1
09/12/2017,"Real Madrid 5 x 0 Sevilla","Real Madrid","Sevilla","Campeonato Espanhol",2
06/12/2017,"Real Madrid 3 x 2 Borussia Dortmund","Real Madrid","Borussia Dortmund","Champions League",1
25/11/2017,"Real Madrid 3 x 2 Málaga","Real Madrid","Málaga","Campeonato Espanhol",1
21/11/2017,"Real Madrid 6 x 0 APOEL","Real Madrid","Apoel","Champions League",2
01/11/2017,"Real Madrid 1 x 3 Tottenham","Real Madrid","Tottenham","Champions League",1
17/10/2017,"Real Madrid 1 x 1 Tottenham","Real Madrid","Tottenham","Champions League",1
14/10/2017,"Real Madrid 2 x 1 Getafe","Real Madrid","Getafe","Campeonato Espanhol",1
07/10/2017,"Portugal 2 x 0 Andorra","Portugal","Andorra","Eliminatórias",1
26/09/2017,"Real Madrid 3 x 1 Borussia Dortmund","Real Madrid","Borussia Dortmund","Champions League",2
13/09/2017,"Real Madrid 3 x 0 APOEL","Real Madrid","Apoel","Champions League",2
31/08/2017,"Portugal 5 x 1 Ilhas Faroe","Portugal","Ilhas Faroe","Eliminatórias",3
13/08/2017,"Real Madrid 3 x 1 Barcelona","Real Madrid","Barcelona","Supercopa Espanhola",1
24/06/2017,"Portugal 4 x 0 Nova Zelândia","Portugal","Nova Zelândia","Copa Das Confederações",1
21/06/2017,"Portugal 1 x 0 Rússia","Portugal","Rússia","Copa Das Confederações",1
09/06/2017,"Portugal 3 x 0 Letônia","Portugal","Letônia","Eliminatórias",2
03/06/2017,"Real Madrid 4 x 1 Juventus","Real Madrid","Juventus","Champions League",2
21/05/2017,"Real Madrid 2 x 0 Málaga","Real Madrid","Málaga","Campeonato Espanhol",1
17/05/2017,"Real Madrid 4 x 1 Celta","Real Madrid","Celta","Campeonato Espanhol",2
14/05/2017,"Real Madrid 4 x 1 Sevilla","Real Madrid","Sevilla","Campeonato Espanhol",2
02/05/2017,"Real Madrid 3 x 0 Atlético Madrid","Real Madrid","Atlético Madrid","Champions League",3
29/04/2017,"Real Madrid 2 x 1 Valencia","Real Madrid","Valencia","Campeonato Espanhol",1
18/04/2017,"Real Madrid 4 x 2 Bayern Munich","Real Madrid","Bayern Munich","Champions League",3
12/04/2017,"Real Madrid 2 x 1 Bayern Munich","Real Madrid","Bayern Munich","Champions League",2
28/03/2017,"Portugal 2 x 3 Suécia","Portugal","Suécia","Amistoso",1
25/03/2017,"Portugal 3 x 0 Hungria","Portugal","Hungria","Eliminatórias",2
12/03/2017,"Real Madrid 2 x 1 Betis","Real Madrid","Betis","Campeonato Espanhol",1
01/03/2017,"Real Madrid 3 x 3 Las Palmas","Real Madrid","Las Palmas","Campeonato Espanhol",2
26/02/2017,"Real Madrid 3 x 2 Villarreal","Real Madrid","Villarreal","Campeonato Espanhol",1
22/02/2017,"Real Madrid 1 x 2 Valencia","Real Madrid","Valencia","Campeonato Espanhol",1
11/02/2017,"Real Madrid 3 x 1 Osasuna","Real Madrid","Osasuna","Campeonato Espanhol",1
29/01/2017,"Real Madrid 3 x 0 Real Sociedad","Real Madrid","Real Sociedad","Campeonato Espanhol",1
25/01/2017,"Real Madrid 2 x 2 Celta","Real Madrid","Celta","Copa da Espanha",1
15/01/2017,"Real Madrid 1 x 2 Sevilla","Real Madrid","Sevilla","Campeonato Espanhol",1
07/01/2017,"Real Madrid 5 x 0 Granada","Real Madrid","Granada","Campeonato Espanhol",1
18/12/2016,"Real Madrid 4 x 2 Kashima Antlers","Real Madrid","Kashima Antlers","Mundial de Clubes",3
15/12/2016,"Real Madrid 2 x 0 América-MEX","Real Madrid","América-Mex","Mundial de Clubes",1
26/11/2016,"Real Madrid 2 x 1 Sporting Gijón","Real Madrid","Sporting Gijón","Campeonato Espanhol",2
19/11/2016,"Real Madrid 3 x 0 Atlético Madrid","Real Madrid","Atlético Madrid","Campeonato Espanhol",3
13/11/2016,"Portugal 4 x 1 Letônia","Portugal","Letônia","Eliminatórias",2
29/10/2016,"Real Madrid 4 x 1 Alavés","Real Madrid","Alavés","Campeonato Espanhol",3
15/10/2016,"Real Madrid 6 x 1 Betis","Real Madrid","Betis","Campeonato Espanhol",1
10/10/2016,"Portugal 6 x 0 Ilhas Faroe","Portugal","Ilhas Faroe","Eliminatórias",1
07/10/2016,"Portugal 6 x 0 Andorra","Portugal","Andorra","Eliminatórias",4
27/09/2016,"Real Madrid 2 x 2 Borussia Dortmund","Real Madrid","Borussia Dortmund","Champions League",1
14/09/2016,"Real Madrid 2 x 1 Sporting","Real Madrid","Sporting","Champions League",1
10/09/2016,"Real Madrid 5 x 2 Osasuna","Real Madrid","Osasuna","Campeonato Espanhol",1
06/07/2016,"Portugal 2 x 0 País de Gales","Portugal","País De Gales","Eurocopa",1
22/06/2016,"Portugal 3 x 3 Hungria","Portugal","Hungria","Eurocopa",2
08/06/2016,"Portugal 7 x 0 Estônia","Portugal","Estônia","Amistoso",2
14/05/2016,"Real Madrid 2 x 0 Deportivo","Real Madrid","Deportivo","Campeonato Espanhol",2
08/05/2016,"Real Madrid 3 x 2 Valencia","Real Madrid","Valencia","Campeonato Espanhol",2
16/04/2016,"Real Madrid 5 x 1 Getafe","Real Madrid","Getafe","Campeonato Espanhol",1
12/04/2016,"Real Madrid 3 x 0 Wolfsburg","Real Madrid","Wolfsburg","Champions League",3
09/04/2016,"Real Madrid 4 x 0 Eibar","Real Madrid","Eibar","Campeonato Espanhol",1
02/04/2016,"Real Madrid 2 x 1 Barcelona","Real Madrid","Barcelona","Campeonato Espanhol",1
29/03/2016,"Portugal 2 x 1 Bélgica","Portugal","Bélgica","Amistoso",1
20/03/2016,"Real Madrid 4 x 0 Sevilla","Real Madrid","Sevilla","Campeonato Espanhol",1
08/03/2016,"Real Madrid 2 x 0 Roma","Real Madrid","Roma","Champions League",1
05/03/2016,"Real Madrid 7 x 1 Celta","Real Madrid","Celta","Campeonato Espanhol",4
02/03/2016,"Real Madrid 3 x 1 Levante","Real Madrid","Levante","Campeonato Espanhol",1
21/02/2016,"Real Madrid 1 x 1 Málaga","Real Madrid","Málaga","Campeonato Espanhol",1
17/02/2016,"Real Madrid 2 x 0 Roma","Real Madrid","Roma","Champions League",1
13/02/2016,"Real Madrid 4 x 2 Athletic Bilbao","Real Madrid","Athletic Bilbao","Campeonato Espanhol",2
31/01/2016,"Real Madrid 6 x 0 Espanyol","Real Madrid","Espanyol","Campeonato Espanhol",3
17/01/2016,"Real Madrid 5 x 1 Sporting Gijón","Real Madrid","Sporting Gijón","Campeonato Espanhol",2
30/12/2015,"Real Madrid 3 x 1 Real Sociedad","Real Madrid","Real Sociedad","Campeonato Espanhol",2
20/12/2015,"Real Madrid 10x 2 Rayo Vallecano","Real Madrid","Rayo Vallecano","Campeonato Espanhol",2
08/12/2015,"Real Madrid 8 x 0 Malmo FF","Real Madrid","Malmo Ff","Champions League",4
05/12/2015,"Real Madrid 4 x 1 Getafe","Real Madrid","Getafe","Campeonato Espanhol",1
29/11/2015,"Real Madrid 2 x 0 Eibar","Real Madrid","Eibar","Campeonato Espanhol",1
25/11/2015,"Real Madrid 4 x 3 Shakhtar Donetsk","Real Madrid","Shakhtar Donetsk","Champions League",2
31/10/2015,"Real Madrid 3 x 1 Las Palmas","Real Madrid","Las Palmas","Campeonato Espanhol",1
24/10/2015,"Real Madrid 3 x 1 Celta","Real Madrid","Celta","Campeonato Espanhol",1
17/10/2015,"Real Madrid 3 x 0 Levante","Real Madrid","Levante","Campeonato Espanhol",1
30/09/2015,"Real Madrid 2 x 0 Malmo","Real Madrid","Malmo","Champions League",2
15/09/2015,"Real Madrid 4 x 0 Shakhtar Donetsk","Real Madrid","Shakhtar Donetsk","Champions League",3
12/09/2015,"Real Madrid 6 x 0 Espanyol","Real Madrid","Espanyol","Campeonato Espanhol",5
13/06/2015,"Portugal 3 x 2 Armênia","Portugal","Armênia","Eliminatórias",3
23/05/2015,"Real Madrid 7 x 3 Getafe","Real Madrid","Getafe","Campeonato Espanhol",3
17/05/2015,"Real Madrid 4 x 1 Espanyol","Real Madrid","Espanyol","Campeonato Espanhol",3
13/05/2015,"Real Madrid 1 x 1 Juventus","Real Madrid","Juventus","Champions League",1
05/05/2015,"Real Madrid 1 x 2 Juventus","Real Madrid","Juventus","Champions League",1
02/05/2015,"Real Madrid 3 x 2 Sevilla","Real Madrid","Sevilla","Campeonato Espanhol",3
18/04/2015,"Real Madrid 3 x 1 Málaga","Real Madrid","Málaga","Campeonato Espanhol",1
11/04/2015,"Real Madrid 3 x 0 Eibar","Real Madrid","Eibar","Campeonato Espanhol",1
08/04/2015,"Real Madrid 2 x 0 Rayo Vallecano","Real Madrid","Rayo Vallecano","Campeonato Espanhol",1
04/04/2015,"Real Madrid 9 x 1 Granada","Real Madrid","Granada","Campeonato Espanhol",5
22/03/2015,"Real Madrid 1 x 2 Barcelona","Real Madrid","Barcelona","Campeonato Espanhol",1
10/03/2015,"Real Madrid 3 x 4 Schalke 04","Real Madrid","Schalke 04","Champions League",2
01/03/2015,"Real Madrid 1 x 1 Villarreal","Real Madrid","Villarreal","Campeonato Espanhol",1
22/02/2015,"Real Madrid 2 x 0 Elche","Real Madrid","Elche","Campeonato Espanhol",1
18/02/2015,"Real Madrid 2 x 0 Schalke 04","Real Madrid","Schalke 04","Champions League",1
18/01/2015,"Real Madrid 3 x 0 Getafe","Real Madrid","Getafe","Campeonato Espanhol",2
15/01/2015,"Real Madrid 2 x 2 Atlético Madrid","Real Madrid","Atlético Madrid","Copa da Espanha",1
04/01/2015,"Real Madrid 1 x 2 Valencia","Real Madrid","Valencia","Campeonato Espanhol",1
12/12/2014,"Real Madrid 4 x 1 Almería","Real Madrid","Almería","Campeonato Espanhol",2
09/12/2014,"Real Madrid 4 x 0 Ludogorets","Real Madrid","Ludogorets","Champions League",1
06/12/2014,"Real Madrid 3 x 0 Celta","Real Madrid","Celta","Campeonato Espanhol",3
26/11/2014,"Real Madrid 1 x 0 Basel","Real Madrid","Basel","Champions League",1
22/11/2014,"Real Madrid 4 x 0 Eibar","Real Madrid","Eibar","Campeonato Espanhol",2
14/11/2014,"Portugal 1 x 0 Armênia","Portugal","Armênia","Eliminatórias",1
08/11/2014,"Real Madrid 5 x 1 Rayo Vallecano","Real Madrid","Rayo Vallecano","Campeonato Espanhol",1
01/11/2014,"Real Madrid 4 x 0 Granada","Real Madrid","Granada","Campeonato Espanhol",1
25/10/2014,"Real Madrid 3 x 1 Barcelona","Real Madrid","Barcelona","Campeonato Espanhol",1
22/10/2014,"Real Madrid 3 x 0 Liverpool","Real Madrid","Liverpool","Champions League",1
18/10/2014,"Real Madrid 5 x 0 Levante","Real Madrid","Levante","Campeonato Espanhol",2
14/10/2014,"Portugal 1 x 0 Dinamarca","Portugal","Dinamarca","Eliminatórias",1
05/10/2014,"Real Madrid 5 x 0 Athletic Bilbao","Real Madrid","Athletic Bilbao","Campeonato Espanhol",3
01/10/2014,"Real Madrid 2 x 1 Ludogorets","Real Madrid","Ludogorets","Champions League",1
27/09/2014,"Real Madrid 2 x 0 Villarreal","Real Madrid","Villarreal","Campeonato Espanhol",1
23/09/2014,"Real Madrid 5 x 1 Elche","Real Madrid","Elche","Campeonato Espanhol",4
20/09/2014,"Real Madrid 8 x 2 Deportivo","Real Madrid","Deportivo","Campeonato Espanhol",3
16/09/2014,"Real Madrid 5 x 1 Basel","Real Madrid","Basel","Champions League",1
13/09/2014,"Real Madrid 1 x 2 Atlético Madrid","Real Madrid","Atlético Madrid","Campeonato Espanhol",1
25/08/2014,"Real Madrid 2 x 0 Cordoba","Real Madrid","Cordoba","Campeonato Espanhol",1
12/08/2014,"Real Madrid 2 x 0 Sevilla","Real Madrid","Sevilla","Supercopa Europeia",2
26/06/2014,"Portugal 2 x 1 Gana","Portugal","Gana","Copa Do Mundo",1
24/05/2014,"Real Madrid 4 x 1 Atlético Madrid","Real Madrid","Atlético Madrid","Champions League",1
04/05/2014,"Real Madrid 2 x 2 Valencia","Real Madrid","Valencia","Campeonato Espanhol",1
29/04/2014,"Real Madrid 4 x 0 Bayern Munich","Real Madrid","Bayern Munich","Champions League",2
26/04/2014,"Real Madrid 4 x 0 Osasuna","Real Madrid","Osasuna","Campeonato Espanhol",2
02/04/2014,"Real Madrid 3 x 0 Borussia Dortmund","Real Madrid","Borussia Dortmund","Champions League",1
29/03/2014,"Real Madrid 5 x 0 Rayo Vallecano","Real Madrid","Rayo Vallecano","Campeonato Espanhol",1
26/03/2014,"Real Madrid 1 x 2 Sevilla","Real Madrid","Sevilla","Campeonato Espanhol",1
23/03/2014,"Real Madrid 3 x 4 Barcelona","Real Madrid","Barcelona","Campeonato Espanhol",1
18/03/2014,"Real Madrid 3 x 1 Schalke 04","Real Madrid","Schalke 04","Champions League",2
15/03/2014,"Real Madrid 1 x 0 Málaga","Real Madrid","Málaga","Campeonato Espanhol",1
09/03/2014,"Real Madrid 3 x 0 Levante","Real Madrid","Levante","Campeonato Espanhol",1
05/03/2014,"Portugal 5 x 1 Camarões","Portugal","Camarões","Amistoso",2
02/03/2014,"Real Madrid 2 x 2 Atlético Madrid","Real Madrid","Atlético Madrid","Campeonato Espanhol",1
26/02/2014,"Real Madrid 6 x 1 Schalke 04","Real Madrid","Schalke 04","Champions League",2
11/02/2014,"Real Madrid 2 x 0 Atlético Madrid","Real Madrid","Atlético Madrid","Copa da Espanha",2
25/01/2014,"Real Madrid 2 x 0 Granada","Real Madrid","Granada","Campeonato Espanhol",1
18/01/2014,"Real Madrid 5 x 0 Betis","Real Madrid","Betis","Campeonato Espanhol",1
15/01/2014,"Real Madrid 2 x 0 Osasuna","Real Madrid","Osasuna","Copa da Espanha",1
06/01/2014,"Real Madrid 3 x 0 Celta","Real Madrid","Celta","Campeonato Espanhol",2
22/12/2013,"Real Madrid 3 x 2 Valencia","Real Madrid","Valencia","Campeonato Espanhol",1
10/12/2013,"Real Madrid 2 x 0 Copenhagen","Real Madrid","Copenhagen","Champions League",1
23/11/2013,"Real Madrid 5 x 0 Almería","Real Madrid","Almería","Campeonato Espanhol",1
19/11/2013,"Portugal 3 x 2 Suécia","Portugal","Suécia","Eliminatórias",3
15/11/2013,"Portugal 1 x 0 Suécia","Portugal","Suécia","Eliminatórias",1
09/11/2013,"Real Madrid 5 x 1 Real Sociedad","Real Madrid","Real Sociedad","Campeonato Espanhol",3
05/11/2013,"Real Madrid 2 x 2 Juventus","Real Madrid","Juventus","Champions League",1
02/11/2013,"Real Madrid 3 x 2 Rayo Vallecano","Real Madrid","Rayo Vallecano","Campeonato Espanhol",2
30/10/2013,"Real Madrid 7 x 3 Sevilla","Real Madrid","Sevilla","Campeonato Espanhol",3
23/10/2013,"Real Madrid 2 x 1 Juventus","Real Madrid","Juventus","Champions League",2
19/10/2013,"Real Madrid 2 x 0 Málaga","Real Madrid","Málaga","Campeonato Espanhol",1
05/10/2013,"Real Madrid 3 x 2 Levante","Real Madrid","Levante","Campeonato Espanhol",1
02/10/2013,"Real Madrid 4 x 0 Copenhagen","Real Madrid","Copenhagen","Champions League",2
25/09/2013,"Real Madrid 2 x 1 Elche","Real Madrid","Elche","Campeonato Espanhol",2
22/09/2013,"Real Madrid 4 x 1 Getafe","Real Madrid","Getafe","Campeonato Espanhol",2
17/09/2013,"Real Madrid 6 x 1 Galatasaray","Real Madrid","Galatasaray","Champions League",3
14/09/2013,"Real Madrid 2 x 2 Villarreal","Real Madrid","Villarreal","Campeonato Espanhol",1
06/09/2013,"Portugal 4 x 2 Irlanda do Norte","Portugal","Irlanda Do Norte","Eliminatórias",3
01/09/2013,"Real Madrid 3 x 1 Athletic Bilbao","Real Madrid","Athletic Bilbao","Campeonato Espanhol",1
14/08/2013,"Portugal 1 x 1 Holanda","Portugal","Holanda","Amistoso",1
10/06/2013,"Portugal 1 x 0 Croácia","Portugal","Croácia","Amistoso",1
17/05/2013,"Real Madrid 1 x 2 Atlético Madrid","Real Madrid","Atlético Madrid","Copa da Espanha",1
08/05/2013,"Real Madrid 6 x 2 Málaga","Real Madrid","Málaga","Campeonato Espanhol",1
04/05/2013,"Real Madrid 4 x 3 Valladolid","Real Madrid","Valladolid","Campeonato Espanhol",2
24/04/2013,"Real Madrid 1 x 4 Borussia Dortmund","Real Madrid","Borussia Dortmund","Champions League",1
14/04/2013,"Real Madrid 3 x 0 Athletic Bilbao","Real Madrid","Athletic Bilbao","Campeonato Espanhol",2
09/04/2013,"Real Madrid 2 x 3 Galatasaray","Real Madrid","Galatasaray","Champions League",2
06/04/2013,"Real Madrid 5 x 1 Levante","Real Madrid","Levante","Campeonato Espanhol",1
03/04/2013,"Real Madrid 3 x 0 Galatasaray","Real Madrid","Galatasaray","Champions League",1
30/03/2013,"Real Madrid 1 x 1 Zaragoza","Real Madrid","Zaragoza","Campeonato Espanhol",1
16/03/2013,"Real Madrid 5 x 2 Mallorca","Real Madrid","Mallorca","Campeonato Espanhol",1
10/03/2013,"Real Madrid 2 x 1 Celta","Real Madrid","Celta","Campeonato Espanhol",2
05/03/2013,"Real Madrid 2 x 1 Manchester United","Real Madrid","Manchester United","Champions League",1
26/02/2013,"Real Madrid 3 x 1 Barcelona","Real Madrid","Barcelona","Copa da Espanha",2
13/02/2013,"Real Madrid 1 x 1 Manchester United","Real Madrid","Manchester United","Champions League",1
09/02/2013,"Real Madrid 4 x 1 Sevilla","Real Madrid","Sevilla","Campeonato Espanhol",3
06/02/2013,"Portugal 2 x 3 Equador","Portugal","Equador","Amistoso",1
27/01/2013,"Real Madrid 4 x 0 Getafe","Real Madrid","Getafe","Campeonato Espanhol",3
20/01/2013,"Real Madrid 5 x 0 Valencia","Real Madrid","Valencia","Campeonato Espanhol",2
09/01/2013,"Real Madrid 4 x 0 Celta","Real Madrid","Celta","Copa da Espanha",3
06/01/2013,"Real Madrid 4 x 3 Real Sociedad","Real Madrid","Real Sociedad","Campeonato Espanhol",2
16/12/2012,"Real Madrid 2 x 2 Espanyol","Real Madrid","Espanyol","Campeonato Espanhol",1
12/12/2012,"Real Madrid 1 x 2 Celta","Real Madrid","Celta","Copa da Espanha",1
04/12/2012,"Real Madrid 4 x 1 Ajax","Real Madrid","Ajax","Champions League",1
01/12/2012,"Real Madrid 2 x 0 Atlético Madrid","Real Madrid","Atlético Madrid","Campeonato Espanhol",1
11/11/2012,"Real Madrid 2 x 1 Levante","Real Madrid","Levante","Campeonato Espanhol",1
28/10/2012,"Real Madrid 5 x 0 Mallorca","Real Madrid","Mallorca","Campeonato Espanhol",2
24/10/2012,"Real Madrid 1 x 2 Borussia Dortmund","Real Madrid","Borussia Dortmund","Champions League",1
20/10/2012,"Real Madrid 2 x 0 Celta","Real Madrid","Celta","Campeonato Espanhol",1
07/10/2012,"Real Madrid 2 x 2 Barcelona","Real Madrid","Barcelona","Campeonato Espanhol",2
03/10/2012,"Real Madrid 4 x 1 Ajax","Real Madrid","Ajax","Champions League",3
30/09/2012,"Real Madrid 5 x 1 Deportivo","Real Madrid","Deportivo","Campeonato Espanhol",3
24/09/2012,"Real Madrid 2 x 0 Rayo Vallecano","Real Madrid","Rayo Vallecano","Campeonato Espanhol",1
18/09/2012,"Real Madrid 3 x 2 Manchester City","Real Madrid","Manchester City","Champions League",1
07/09/2012,"Portugal 2 x 1 Luxemburgo","Portugal","Luxemburgo","Eliminatórias",1
02/09/2012,"Real Madrid 3 x 0 Granada","Real Madrid","Granada","Campeonato Espanhol",2
29/08/2012,"Real Madrid 2 x 1 Barcelona","Real Madrid","Barcelona","Supercopa Espanhola",1
23/08/2012,"Real Madrid 2 x 3 Barcelona","Real Madrid","Barcelona","Supercopa Espanhola",1
15/08/2012,"Portugal 2 x 0 Panamá","Portugal","Panamá","Amistoso",1
22/06/2012,"Portugal 1 x 0 República Tcheca","Portugal","República Tcheca","Eurocopa",1
17/06/2012,"Portugal 2 x 1 Holanda","Portugal","Holanda","Eurocopa",2
13/05/2012,"Real Madrid 4 x 1 Mallorca","Real Madrid","Mallorca","Campeonato Espanhol",1
05/05/2012,"Real Madrid 2 x 1 Granada","Real Madrid","Granada","Campeonato Espanhol",1
02/05/2012,"Real Madrid 3 x 0 Athletic Bilbao","Real Madrid","Athletic Bilbao","Campeonato Espanhol",1
29/04/2012,"Real Madrid 3 x 0 Sevilla","Real Madrid","Sevilla","Campeonato Espanhol",1
25/04/2012,"Real Madrid 2 x 1 Bayern Munich","Real Madrid","Bayern Munich","Champions League",2
21/04/2012,"Real Madrid 2 x 1 Barcelona","Real Madrid","Barcelona","Campeonato Espanhol",1
14/04/2012,"Real Madrid 3 x 1 Sporting Gijón","Real Madrid","Sporting Gijón","Campeonato Espanhol",1
11/04/2012,"Real Madrid 4 x 1 Atlético Madrid","Real Madrid","Atlético Madrid","Campeonato Espanhol",3
04/04/2012,"Real Madrid 5 x 2 APOEL","Real Madrid","Apoel","Champions League",2
31/03/2012,"Real Madrid 5 x 1 Osasuna","Real Madrid","Osasuna","Campeonato Espanhol",2
24/03/2012,"Real Madrid 5 x 1 Real Sociedad","Real Madrid","Real Sociedad","Campeonato Espanhol",2
21/03/2012,"Real Madrid 1 x 1 Villarreal","Real Madrid","Villarreal","Campeonato Espanhol",1
14/03/2012,"Real Madrid 4 x 1 CSKA Moscou","Real Madrid","Cska Moscou","Champions League",2
10/03/2012,"Real Madrid 3 x 2 Betis","Real Madrid","Betis","Campeonato Espanhol",2
04/03/2012,"Real Madrid 5 x 0 Espanyol","Real Madrid","Espanyol","Campeonato Espanhol",1
26/02/2012,"Real Madrid 1 x 0 Rayo Vallecano","Real Madrid","Rayo Vallecano","Campeonato Espanhol",1
21/02/2012,"Real Madrid 1 x 1 CSKA Moscou","Real Madrid","Cska Moscou","Champions League",1
18/02/2012,"Real Madrid 4 x 0 Racing Santander","Real Madrid","Racing Santander","Campeonato Espanhol",1
12/02/2012,"Real Madrid 4 x 2 Levante","Real Madrid","Levante","Campeonato Espanhol",3
28/01/2012,"Real Madrid 3 x 1 Zaragoza","Real Madrid","Zaragoza","Campeonato Espanhol",1
25/01/2012,"Real Madrid 2 x 2 Barcelona","Real Madrid","Barcelona","Copa da Espanha",1
22/01/2012,"Real Madrid 4 x 1 Athletic Bilbao","Real Madrid","Athletic Bilbao","Campeonato Espanhol",2
18/01/2012,"Real Madrid 1 x 2 Barcelona","Real Madrid","Barcelona","Copa da Espanha",1
07/01/2012,"Real Madrid 5 x 1 Granada","Real Madrid","Granada","Campeonato Espanhol",1
17/12/2011,"Real Madrid 6 x 2 Sevilla","Real Madrid","Sevilla","Campeonato Espanhol",3
13/12/2011,"Real Madrid 2 x 0 Ponferradina","Real Madrid","Ponferradina","Copa da Espanha",1
03/12/2011,"Real Madrid 3 x 0 Sporting Gijón","Real Madrid","Sporting Gijón","Campeonato Espanhol",1
26/11/2011,"Real Madrid 4 x 1 Atlético Madrid","Real Madrid","Atlético Madrid","Campeonato Espanhol",2
19/11/2011,"Real Madrid 3 x 2 Valencia","Real Madrid","Valencia","Campeonato Espanhol",1
15/11/2011,"Portugal 6 x 2 Bósnia Herzegovina","Portugal","Bósnia Herzegovina","Eliminatórias",2
06/11/2011,"Real Madrid 7 x 1 Osasuna","Real Madrid","Osasuna","Campeonato Espanhol",3
02/11/2011,"Real Madrid 2 x 0 Lyon","Real Madrid","Lyon","Champions League",2
22/10/2011,"Real Madrid 4 x 0 Málaga","Real Madrid","Málaga","Campeonato Espanhol",3
11/10/2011,"Portugal 1 x 2 Dinamarca","Portugal","Dinamarca","Eliminatórias",1
27/09/2011,"Real Madrid 3 x 0 Ajax","Real Madrid","Ajax","Champions League",1
24/09/2011,"Real Madrid 6 x 2 Rayo Vallecano","Real Madrid","Rayo Vallecano","Campeonato Espanhol",3
10/09/2011,"Real Madrid 4 x 2 Getafe","Real Madrid","Getafe","Campeonato Espanhol",1
02/09/2011,"Portugal 4 x 0 Chipre","Portugal","Chipre","Eliminatórias",2
28/08/2011,"Real Madrid 6 x 0 Zaragoza","Real Madrid","Zaragoza","Campeonato Espanhol",3
17/08/2011,"Real Madrid 2 x 3 Barcelona","Real Madrid","Barcelona","Supercopa Espanhola",1
10/08/2011,"Portugal 5 x 0 Luxemburgo","Portugal","Luxemburgo","Amistoso",1
21/05/2011,"Real Madrid 8 x 1 Almería","Real Madrid","Almería","Campeonato Espanhol",2
15/05/2011,"Real Madrid 3 x 1 Villarreal","Real Madrid","Villarreal","Campeonato Espanhol",2
10/05/2011,"Real Madrid 4 x 0 Getafe","Real Madrid","Getafe","Campeonato Espanhol",3
07/05/2011,"Real Madrid 6 x 2 Sevilla","Real Madrid","Sevilla","Campeonato Espanhol",4
20/04/2011,"Real Madrid 1 x 0 Barcelona","Real Madrid","Barcelona","Copa da Espanha",1
16/04/2011,"Real Madrid 1 x 1 Barcelona","Real Madrid","Barcelona","Campeonato Espanhol",1
13/04/2011,"Real Madrid 1 x 0 Tottenham","Real Madrid","Tottenham","Champions League",1
09/04/2011,"Real Madrid 3 x 0 Athletic Bilbao","Real Madrid","Athletic Bilbao","Campeonato Espanhol",1
05/04/2011,"Real Madrid 4 x 0 Tottenham","Real Madrid","Tottenham","Champions League",1
02/03/2011,"Real Madrid 7 x 0 Málaga","Real Madrid","Málaga","Campeonato Espanhol",3
09/02/2011,"Portugal 1 x 2 Argentina","Portugal","Argentina","Amistoso",1
07/02/2011,"Real Madrid 4 x 1 Real Sociedad","Real Madrid","Real Sociedad","Campeonato Espanhol",2
20/01/2011,"Real Madrid 1 x 0 Atlético Madrid","Real Madrid","Atlético Madrid","Copa da Espanha",1
13/01/2011,"Real Madrid 3 x 1 Atlético Madrid","Real Madrid","Atlético Madrid","Copa da Espanha",1
09/01/2011,"Real Madrid 4 x 2 Villarreal","Real Madrid","Villarreal","Campeonato Espanhol",3
03/01/2011,"Real Madrid 3 x 2 Getafe","Real Madrid","Getafe","Campeonato Espanhol",2
22/12/2010,"Real Madrid 8 x 0 Levante","Real Madrid","Levante","Copa da Espanha",3
12/12/2010,"Real Madrid 3 x 1 Zaragoza","Real Madrid","Zaragoza","Campeonato Espanhol",1
08/12/2010,"Real Madrid 4 x 0 Auxerre","Real Madrid","Auxerre","Champions League",1
04/12/2010,"Real Madrid 2 x 0 Valencia","Real Madrid","Valencia","Campeonato Espanhol",2
23/11/2010,"Real Madrid 4 x 0 Ajax","Real Madrid","Ajax","Champions League",2
21/11/2010,"Real Madrid 5 x 1 Athletic Bilbao","Real Madrid","Athletic Bilbao","Campeonato Espanhol",3
10/11/2010,"Real Madrid 5 x 1 Murcia","Real Madrid","Murcia","Copa da Espanha",1
30/10/2010,"Real Madrid 3 x 1 Hércules","Real Madrid","Hércules","Campeonato Espanhol",2
23/10/2010,"Real Madrid 6 x 1 Racing Santander","Real Madrid","Racing Santander","Campeonato Espanhol",4
19/10/2010,"Real Madrid 2 x 0 Milan","Real Madrid","Milan","Champions League",1
16/10/2010,"Real Madrid 4 x 1 Málaga","Real Madrid","Málaga","Campeonato Espanhol",2
12/10/2010,"Portugal 3 x 1 Islândia","Portugal","Islândia","Eliminatórias",1
08/10/2010,"Portugal 3 x 1 Dinamarca","Portugal","Dinamarca","Eliminatórias",1
02/10/2010,"Real Madrid 6 x 1 Deportivo","Real Madrid","Deportivo","Campeonato Espanhol",2
21/09/2010,"Real Madrid 3 x 0 Espanyol","Real Madrid","Espanyol","Campeonato Espanhol",1
21/06/2010,"Portugal 7 x 0 Coréia do Norte","Portugal","Coréia Do Norte","Copa Do Mundo",1
08/05/2010,"Real Madrid 5 x 1 Athletic Bilbao","Real Madrid","Athletic Bilbao","Campeonato Espanhol",1
05/05/2010,"Real Madrid 4 x 1 Mallorca","Real Madrid","Mallorca","Campeonato Espanhol",3
02/05/2010,"Real Madrid 3 x 2 Osasuna","Real Madrid","Osasuna","Campeonato Espanhol",2
18/04/2010,"Real Madrid 2 x 0 Valencia","Real Madrid","Valencia","Campeonato Espanhol",1
15/04/2010,"Real Madrid 2 x 1 Almería","Real Madrid","Almería","Campeonato Espanhol",1
04/04/2010,"Real Madrid 2 x 0 Racing Santander","Real Madrid","Racing Santander","Campeonato Espanhol",1
25/03/2010,"Real Madrid 4 x 2 Getafe","Real Madrid","Getafe","Campeonato Espanhol",2
14/03/2010,"Real Madrid 4 x 1 Valladolid","Real Madrid","Valladolid","Campeonato Espanhol",1
10/03/2010,"Real Madrid 1 x 1 Lyon","Real Madrid","Lyon","Champions League",1
06/03/2010,"Real Madrid 3 x 2 Sevilla","Real Madrid","Sevilla","Campeonato Espanhol",1
27/02/2010,"Real Madrid 5 x 1 Tenerife","Real Madrid","Tenerife","Campeonato Espanhol",1
21/02/2010,"Real Madrid 6 x 2 Villarreal","Real Madrid","Villarreal","Campeonato Espanhol",1
13/02/2010,"Real Madrid 3 x 0 Xerez","Real Madrid","Xerez","Campeonato Espanhol",2
24/01/2010,"Real Madrid 2 x 0 Málaga","Real Madrid","Málaga","Campeonato Espanhol",2
19/12/2009,"Real Madrid 6 x 0 Zaragoza","Real Madrid","Zaragoza","Campeonato Espanhol",1
08/12/2009,"Real Madrid 3 x 1 Olympique","Real Madrid","Olympique","Champions League",2
05/12/2009,"Real Madrid 4 x 2 Almería","Real Madrid","Almería","Campeonato Espanhol",1
30/09/2009,"Real Madrid 3 x 0 Olympique","Real Madrid","Olympique","Champions League",2
23/09/2009,"Real Madrid 2 x 0 Villarreal","Real Madrid","Villarreal","Campeonato Espanhol",1
20/09/2009,"Real Madrid 5 x 0 Xerez","Real Madrid","Xerez","Campeonato Espanhol",2
15/09/2009,"Real Madrid 5 x 2 FC Zurich","Real Madrid","Fc Zurich","Champions League",2
12/09/2009,"Real Madrid 3 x 0 Espanyol","Real Madrid","Espanyol","Campeonato Espanhol",1
29/08/2009,"Real Madrid 3 x 2 Deportivo","Real Madrid","Deportivo","Campeonato Espanhol",1
10/05/2009,"Manchester United 2 x 0 Manchester City","Manchester United","Manchester City","Campeonato Inglês",1
05/05/2009,"Manchester United 3 x 1 Arsenal","Manchester United","Arsenal","Champions League",2
25/04/2009,"Manchester United 5 x 2 Tottenham","Manchester United","Tottenham","Campeonato Inglês",2
15/04/2009,"Manchester United 1 x 0 Porto","Manchester United","Porto","Champions League",1
05/04/2009,"Manchester United 3 x 2 Aston Villa","Manchester United","Aston Villa","Campeonato Inglês",2
14/03/2009,"Manchester United 1 x 4 Liverpool","Manchester United","Liverpool","Campeonato Inglês",1
11/03/2009,"Manchester United 2 x 0 Internazionale","Manchester United","Internazionale","Champions League",1
21/02/2009,"Manchester United 2 x 1 Blackburn","Manchester United","Blackburn","Campeonato Inglês",1
15/02/2009,"Manchester United 4 x 1 Derby County","Manchester United","Derby County","Copa Inglesa",1
11/02/2009,"Portugal 1 x 0 Finlândia","Portugal","Finlândia","Amistoso",1
31/01/2009,"Manchester United 1 x 0 Everton","Manchester United","Everton","Campeonato Inglês",1
27/01/2009,"Manchester United 5 x 0 West Brom","Manchester United","West Brom","Campeonato Inglês",2
20/01/2009,"Manchester United 4 x 2 Derby County","Manchester United","Derby County","Copa Inglesa",1
18/12/2008,"Manchester United 5 x 3 Gamba Osaka","Manchester United","Gamba Osaka","Mundial de Clubes",1
15/11/2008,"Manchester United 5 x 0 Stoke City","Manchester United","Stoke City","Campeonato Inglês",2
01/11/2008,"Manchester United 4 x 3 Hull City","Manchester United","Hull City","Campeonato Inglês",2
29/10/2008,"Manchester United 2 x 0 West Ham","Manchester United","West Ham","Campeonato Inglês",2
18/10/2008,"Manchester United 4 x 0 West Brom","Manchester United","West Brom","Campeonato Inglês",1
27/09/2008,"Manchester United 2 x 0 Bolton","Manchester United","Bolton","Campeonato Inglês",1
23/09/2008,"Manchester United 3 x 1 Middlesbrough","Manchester United","Middlesbrough","Copa Inglesa",1
11/06/2008,"Portugal 3 x 1 República Tcheca","Portugal","República Tcheca","Eurocopa",1
21/05/2008,"Manchester United 1 x 1 Chelsea","Manchester United","Chelsea","Champions League",1
11/05/2008,"Manchester United 2 x 0 Wigan","Manchester United","Wigan","Campeonato Inglês",1
03/05/2008,"Manchester United 4 x 1 West Ham","Manchester United","West Ham","Campeonato Inglês",2
13/04/2008,"Manchester United 2 x 1 Arsenal","Manchester United","Arsenal","Campeonato Inglês",1
06/04/2008,"Manchester United 2 x 2 Middlesbrough","Manchester United","Middlesbrough","Campeonato Inglês",1
01/04/2008,"Manchester United 2 x 0 Roma","Manchester United","Roma","Champions League",1
29/03/2008,"Manchester United 4 x 0 Aston Villa","Manchester United","Aston Villa","Campeonato Inglês",1
22/03/2008,"Manchester United 3 x 0 Liverpool","Manchester United","Liverpool","Campeonato Inglês",1
19/03/2008,"Manchester United 2 x 0 Bolton","Manchester United","Bolton","Campeonato Inglês",2
15/03/2008,"Manchester United 1 x 0 Derby County","Manchester United","Derby County","Campeonato Inglês",1
04/03/2008,"Manchester United 1 x 0 Lyon","Manchester United","Lyon","Champions League",1
23/02/2008,"Manchester United 5 x 1 Newcastle","Manchester United","Newcastle","Campeonato Inglês",2
30/01/2008,"Manchester United 2 x 0 Portsmouth","Manchester United","Portsmouth","Campeonato Inglês",2
27/01/2008,"Manchester United 3 x 1 Tottenham","Manchester United","Tottenham","Copa Inglesa",2
19/01/2008,"Manchester United 2 x 0 Reading","Manchester United","Reading","Campeonato Inglês",1
12/01/2008,"Manchester United 6 x 0 Newcastle","Manchester United","Newcastle","Campeonato Inglês",3
05/01/2008,"Manchester United 2 x 0 Aston Villa","Manchester United","Aston Villa","Copa Inglesa",1
29/12/2007,"Manchester United 1 x 2 West Ham","Manchester United","West Ham","Campeonato Inglês",1
26/12/2007,"Manchester United 4 x 0 Sunderland","Manchester United","Sunderland","Campeonato Inglês",1
23/12/2007,"Manchester United 2 x 1 Everton","Manchester United","Everton","Campeonato Inglês",2
08/12/2007,"Manchester United 4 x 1 Derby County","Manchester United","Derby County","Campeonato Inglês",1
03/12/2007,"Manchester United 2 x 0 Fulham","Manchester United","Fulham","Campeonato Inglês",2
27/11/2007,"Manchester United 2 x 1 Sporting","Manchester United","Sporting","Champions League",1
11/11/2007,"Manchester United 2 x 0 Blackburn","Manchester United","Blackburn","Campeonato Inglês",2
07/11/2007,"Manchester United 4 x 0 Dinamo Kiev","Manchester United","Dinamo Kiev","Champions League",1
03/11/2007,"Manchester United 2 x 2 Arsenal","Manchester United","Arsenal","Campeonato Inglês",1
23/10/2007,"Manchester United 4 x 2 Dinamo Kiev","Manchester United","Dinamo Kiev","Champions League",2
17/10/2007,"Portugal 2 x 1 Cazaquistão","Portugal","Cazaquistão","Eliminatórias",1
06/10/2007,"Manchester United 4 x 0 Wigan","Manchester United","Wigan","Campeonato Inglês",2
29/09/2007,"Manchester United 1 x 0 Birmingham","Manchester United","Birmingham","Campeonato Inglês",1
19/09/2007,"Manchester United 1 x 0 Sporting","Manchester United","Sporting","Champions League",1
08/09/2007,"Portugal 2 x 2 Polônia","Portugal","Polônia","Eliminatórias",1
22/08/2007,"Portugal 1 x 1 Armênia","Portugal","Armênia","Eliminatórias",1
05/05/2007,"Manchester United 1 x 0 Manchester City","Manchester United","Manchester City","Campeonato Inglês",1
24/04/2007,"Manchester United 3 x 2 Milan","Manchester United","Milan","Champions League",1
14/04/2007,"Manchester United 4 x 1 Watford","Manchester United","Watford","Copa Inglesa",1
10/04/2007,"Manchester United 7 x 1 Roma","Manchester United","Roma","Champions League",2
24/03/2007,"Portugal 4 x 0 Bélgica","Portugal","Bélgica","Eliminatórias",2
19/03/2007,"Manchester United 1 x 0 Middlesbrough","Manchester United","Middlesbrough","Copa Inglesa",1
10/03/2007,"Manchester United 2 x 2 Middlesbrough","Manchester United","Middlesbrough","Copa Inglesa",1
24/02/2007,"Manchester United 2 x 1 Fulham","Manchester United","Fulham","Campeonato Inglês",1
04/02/2007,"Manchester United 4 x 0 Tottenham","Manchester United","Tottenham","Campeonato Inglês",1
31/01/2007,"Manchester United 4 x 0 Watford","Manchester United","Watford","Campeonato Inglês",1
13/01/2007,"Manchester United 3 x 1 Aston Villa","Manchester United","Aston Villa","Campeonato Inglês",1
30/12/2006,"Manchester United 3 x 2 Reading","Manchester United","Reading","Campeonato Inglês",2
26/12/2006,"Manchester United 3 x 1 Wigan","Manchester United","Wigan","Campeonato Inglês",2
23/12/2006,"Manchester United 3 x 0 Aston Villa","Manchester United","Aston Villa","Campeonato Inglês",2
09/12/2006,"Manchester United 3 x 1 Manchester City","Manchester United","Manchester City","Campeonato Inglês",1
29/11/2006,"Manchester United 3 x 0 Everton","Manchester United","Everton","Campeonato Inglês",1
15/11/2006,"Portugal 3 x 0 Cazaquistão","Portugal","Cazaquistão","Eliminatórias",1
04/11/2006,"Manchester United 3 x 0 Portsmouth","Manchester United","Portsmouth","Campeonato Inglês",1
28/10/2006,"Manchester United 4 x 0 Bolton","Manchester United","Bolton","Campeonato Inglês",1
08/10/2006,"Portugal 3 x 0 Azerbaijão","Portugal","Azerbaijão","Eliminatórias",2
23/09/2006,"Manchester United 1 x 1 Reading","Manchester United","Reading","Campeonato Inglês",1
20/08/2006,"Manchester United 5 x 1 Fulham","Manchester United","Fulham","Campeonato Inglês",1
17/06/2006,"Portugal 2 x 0 Irã","Portugal","Irã","Copa Do Mundo",1
07/05/2006,"Manchester United 4 x 0 Charlton","Manchester United","Charlton","Campeonato Inglês",1
06/03/2006,"Manchester United 2 x 1 Wigan","Manchester United","Wigan","Campeonato Inglês",1
01/03/2006,"Portugal 3 x 0 Arábia Saudita","Portugal","Arábia Saudita","Amistoso",2
26/02/2006,"Manchester United 4 x 0 Wigan","Manchester United","Wigan","Copa Inglesa",1
11/02/2006,"Manchester United 3 x 1 Portsmouth","Manchester United","Portsmouth","Campeonato Inglês",2
04/02/2006,"Manchester United 4 x 2 Fulham","Manchester United","Fulham","Campeonato Inglês",2
31/12/2005,"Manchester United 4 x 1 Bolton","Manchester United","Bolton","Campeonato Inglês",2
30/11/2005,"Manchester United 3 x 1 West Brom","Manchester United","West Brom","Copa Inglesa",1
29/10/2005,"Manchester United 1 x 4 Middlesbrough","Manchester United","Middlesbrough","Campeonato Inglês",1
09/08/2005,"Manchester United 3 x 0 Debrecen","Manchester United","Debrecen","Champions League",1
08/06/2005,"Portugal 1 x 0 Estônia","Portugal","Estônia","Eliminatórias",1
04/06/2005,"Portugal 2 x 0 Eslováquia","Portugal","Eslováquia","Eliminatórias",1
17/04/2005,"Manchester United 4 x 1 Newcastle","Manchester United","Newcastle","Copa Inglesa",1
19/03/2005,"Manchester United 1 x 0 Fulham","Manchester United","Fulham","Campeonato Inglês",1
12/03/2005,"Manchester United 4 x 0 Southampton","Manchester United","Southampton","Copa Inglesa",1
19/02/2005,"Manchester United 2 x 0 Everton","Manchester United","Everton","Copa Inglesa",1
01/02/2005,"Manchester United 4 x 2 Arsenal","Manchester United","Arsenal","Campeonato Inglês",2
22/01/2005,"Manchester United 3 x 1 Aston Villa","Manchester United","Aston Villa","Campeonato Inglês",1
19/01/2005,"Manchester United 2 x 0 Exeter","Manchester United","Exeter","Copa Inglesa",1
04/12/2004,"Manchester United 3 x 0 Southampton","Manchester United","Southampton","Campeonato Inglês",1
17/11/2004,"Portugal 5 x 0 Luxemburgo","Portugal","Luxemburgo","Eliminatórias",1
13/10/2004,"Portugal 7 x 1 Rússia","Portugal","Rússia","Eliminatórias",2
08/09/2004,"Portugal 4 x 0 Estônia","Portugal","Estônia","Eliminatórias",1
04/09/2004,"Portugal 2 x 0 Letônia","Portugal","Letônia","Eliminatórias",1
30/06/2004,"Portugal 2 x 1 Holanda","Portugal","Holanda","Eurocopa",1
12/06/2004,"Portugal 1 x 2 Grécia","Portugal","Grécia","Eurocopa",1
22/05/2004,"Manchester United 3 x 0 Millwall","Manchester United","Millwall","Copa Inglesa",1
15/05/2004,"Manchester United 2 x 0 Aston Villa","Manchester United","Aston Villa","Campeonato Inglês",1
10/04/2004,"Manchester United 2 x 1 Birmingham","Manchester United","Birmingham","Campeonato Inglês",1
20/03/2004,"Manchester United 3 x 0 Tottenham","Manchester United","Tottenham","Campeonato Inglês",1
14/02/2004,"Manchester United 4 x 2 Manchester City","Manchester United","Manchester City","Copa Inglesa",1
01/11/2003,"Manchester United 3 x 0 Portsmouth","Manchester United","Portsmouth","Campeonato Inglês",1
18/12/2002,"Sporting 8 x 1 Oliveira do Hospital","Sporting CP","Oliveira Do Hospital","Copa Portuguesa",1
24/11/2002,"Sporting 4 x 1 Estarreja","Sporting CP","Estarreja","Copa Portuguesa",1
26/10/2002,"Sporting 2 x 1 Boavista","Sporting CP","Boavista","Campeonato Português",1
07/10/2002,"Sporting 3 x 0 Moreirense","Sporting CP","Moreirense","Campeonato Português",2